Link,Status,Type
https://botticelli.in/collection/shirts/checked/sandal-and-white-check-shirt?add-to-wishlist=13835,not connected,Home
https://botticelli.in?add_to_compare=12704,200,Home
https://botticelli.in?add-to-wishlist=13680,200,Home
https://botticelli.in?add_to_compare=11927,200,Home
https://botticelli.in/shop-cart,not connected,Home
https://botticelli.in/yellow-shirts-for-men?add_to_compare=13558,not connected,Home
https://botticelli.in?add_to_compare=13680,200,Home
https://botticelli.in/collection/shirts/striped/grey-striped-shirt-for-men,not connected,Home
https://botticelli.in/compare,not connected,Home
https://botticelli.in/collection/shirts/checked/coffee-colour-check-shirt,not connected,Home
https://botticelli.in/comments/feed,not connected,Home
https://botticelli.in/collection/shirts/checked/black-check-shirt,200,Home
https://botticelli.in?add_to_compare=11998,200,Home
https://botticelli.in/collection/shirts/party-wear/ice-blue-shirt,not connected,Home
https://botticelli.in/collection/shirts/printed/dark-blue-printed-shirt?add-to-wishlist=11615,not connected,Home
https://botticelli.in?add-to-wishlist=13169,200,Home
https://botticelli.in?add-to-wishlist=13695,200,Home
https://botticelli.in/blue-shirts,not connected,Home
https://botticelli.in/collection/shirts/printed/dark-blue-printed-shirt?add_to_compare=11615,not connected,Home
https://botticelli.in/collection/shirts/printed/dark-blue-printed-shirt?add-to-wishlist=11601,not connected,Home
https://botticelli.in?add-to-wishlist=11927,200,Home
https://botticelli.in?add-to-wishlist=13666,200,Home
https://botticelli.in/collection/shirts/checked/sandal-and-white-check-shirt/feed,not connected,Home
https://botticelli.in/grey-shirts?add_to_compare=13181,not connected,Home
https://botticelli.in?add_to_compare=13143,200,Home
https://botticelli.in/grey-shirts?add-to-wishlist=13143,not connected,Home
https://botticelli.in/collection/shirts/checked/khaki-check-shirt,not connected,Home
https://botticelli.in/collection/shirts/checked/light-green-check-shirt,not connected,Home
https://botticelli.in?add-to-wishlist=13157,200,Home
https://botticelli.in/collection/shirts/party-wear/grey-party-wear-shirt,not connected,Home
https://botticelli.in?add_to_compare=13656,200,Home
https://botticelli.in/yellow-shirts-for-men?add_to_compare=11915,not connected,Home
https://botticelli.in?add-to-wishlist=13784,200,Home
https://botticelli.in/grey-shirts?add_to_compare=12528,not connected,Home
https://botticelli.in/collection/shirts/striped/sandal-vertical-striped-shirt,not connected,Home
https://botticelli.in/collections/shirts/party-wear,not connected,Home
https://botticelli.in?p=14461,not connected,Home
https://botticelli.in/wp-json/wp/v2/product/14054,not connected,Home
https://botticelli.in/collection/shirts/party-wear/light-yellow-shirt,not connected,Home
https://botticelli.in?add-to-wishlist=13058,200,Home
https://botticelli.in/blog/check-shirt-combination,not connected,Home
https://botticelli.in?add_to_compare=13106,200,Home
https://botticelli.in/collection/shirts/printed/blue-printed-shirt,not connected,Home
https://botticelli.in?add_to_compare=12629,200,Home
https://botticelli.in/collection/shirts/party-wear/violet-party-wear-shirt,not connected,Home
https://botticelli.in/collection/shirts/printed/dark-blue-printed-shirt?add_to_compare=11601,not connected,Home
https://botticelli.in/grey-shirts?add_to_compare=12958,not connected,Home
https://botticelli.in/collection/shirts/checked/sandal-and-white-check-shirt?add-to-wishlist=11951,not connected,Home
https://botticelli.in/collection/shirts/checked/sandal-and-white-check-shirt?add_to_compare=13895,not connected,Home
https://botticelli.in/my-account/lost-password,not connected,Home
https://botticelli.in/collection/shirts/checked/sandal-and-navy-check-shirt,not connected,Home
https://botticelli.in?add_to_compare=12054,200,Home
https://botticelli.in/blog,not connected,Home
https://botticelli.in?add_to_compare=13784,200,Home
https://botticelli.in?add_to_compare=11976,200,Home
https://botticelli.in/contact-us,not connected,Home
https://botticelli.in/collection/shirts/striped/blue-striped-shirt-for-men,not connected,Home
https://botticelli.in/yellow-shirts-for-men?add-to-wishlist=12629,not connected,Home
https://botticelli.in?add-to-wishlist=12704,200,Home
https://botticelli.in?add_to_compare=13666,200,Home
https://botticelli.in?add-to-wishlist=12010,200,Home
https://botticelli.in/privacy-policy,not connected,Home
https://botticelli.in?add-to-wishlist=13656,200,Home
https://botticelli.in/grey-shirts?add-to-wishlist=12758,not connected,Home
https://botticelli.in/grey-shirts?add-to-wishlist=12958,not connected,Home
https://botticelli.in/collection/shirts/checked/ramar-blue-check-shirt,not connected,Home
https://botticelli.in?p=11927,not connected,Home
https://botticelli.in/collection/shirts/checked/black-check-shirt?add-to-wishlist=12030,not connected,Home
https://botticelli.in/refund_returns-policy,not connected,Home
https://botticelli.in/wp-json/oembed/1.0/embed?url=https%3A%2F%2Fbotticelli.in%2Fcollection%2Fshirts%2Fchecked%2Fsandal-and-white-check-shirt%2F,not connected,Home
https://botticelli.in/collection/shirts/checked/orange-check-shirt,not connected,Home
https://botticelli.in/collection/shirts/checked/sandal-and-white-check-shirt?add-to-wishlist=13895,not connected,Home
https://botticelli.in?p=14467,not connected,Home
https://botticelli.in/collection/shirts/checked/green-and-white-check-shirt,not connected,Home
https://botticelli.in/collection/shirts/party-wear/blue-abstract-print-shirt,not connected,Home
https://botticelli.in?add_to_compare=14028,200,Home
https://botticelli.in/collection/shirts/checked/brown-and-white-checked-shirt,not connected,Home
https://botticelli.in?add-to-wishlist=12054,200,Home
https://botticelli.in/wp-json/oembed/1.0/embed?url=https%3A%2F%2Fbotticelli.in%2Fyellow-shirts-for-men%2F,not connected,Home
https://botticelli.in/collection/shirts/checked/black-check-shirt?add_to_compare=13871,not connected,Home
https://botticelli.in/collection/shirts/striped/grey-vertical-striped-shirt,not connected,Home
https://botticelli.in?add-to-wishlist=12629,200,Home
https://botticelli.in/my-account?mode=login,not connected,Home
https://botticelli.in/grey-shirts?add_to_compare=12758,not connected,Home
https://botticelli.in?add_to_compare=13695,200,Home
https://botticelli.in?add-to-wishlist=12603,200,Home
https://botticelli.in?add-to-wishlist=13785,not connected,Home
https://botticelli.in/blog/classic-oxford-shirt,not connected,Home
https://botticelli.in/collection/shirts/printed/dark-blue-printed-shirt?add_to_compare=12658,not connected,Home
https://botticelli.in/wp-json/wp/v2/pages/113,not connected,Home
https://botticelli.in/collection/shirts/checked/green-and-blue-check-shirt,not connected,Home
https://botticelli.in/wp-json/wp/v2/pages/14467,not connected,Home
https://botticelli.in/wp-json/oembed/1.0/embed?url=https%3A%2F%2Fbotticelli.in%2Fgrey-shirts%2F,not connected,Home
https://botticelli.in/navy-blue-shirts,not connected,Home
https://botticelli.in/grey-shirts?add_to_compare=13836,not connected,Home
https://botticelli.in/collection/shirts/party-wear/ice-green-shirt,not connected,Home
https://botticelli.in/collection/shirts/checked/yellow-plaid-shirt,not connected,Home
https://botticelli.in?add_to_compare=13107,200,Home
https://botticelli.in/collection/shirts/checked/sandal-and-white-check-shirt?add_to_compare=12054,not connected,Home
https://botticelli.in/grey-shirts?add_to_compare=13058,not connected,Home
https://botticelli.in/collection/shirts/checked/yellow-check-shirt,not connected,Home
https://botticelli.in/collections/shirts,not connected,Home
https://botticelli.in/collection/shirts/checked/sandal-and-white-check-shirt?add_to_compare=11951,not connected,Home
https://botticelli.in/yellow-shirts-for-men?add-to-wishlist=13558,not connected,Home
https://botticelli.in/collection/shirts/checked/black-check-shirt?add-to-wishlist=11927,not connected,Home
https://botticelli.in/grey-shirts?add_to_compare=13351,not connected,Home
https://botticelli.in/collection/shirts/party-wear/olive-green-party-wear-shirt,not connected,Home
https://botticelli.in/collection/shirts/printed/dark-blue-printed-shirt?add_to_compare=12629,not connected,Home
https://botticelli.in/collection/shirts/party-wear/navy-blue-party-wear-shirt,not connected,Home
https://botticelli.in?add_to_compare=12072,200,Home
https://botticelli.in?add_to_compare=12715,200,Home
https://botticelli.in/grey-shirts?add-to-wishlist=12528,not connected,Home
https://botticelli.in?add_to_compare=13058,200,Home
https://botticelli.in/collection/shirts/printed/dark-blue-printed-shirt?add-to-wishlist=11642,not connected,Home
https://botticelli.in/collection/shirts/checked/black-check-shirt?add_to_compare=13895,not connected,Home
https://botticelli.in/grey-shirts?add-to-wishlist=13058,not connected,Home
https://botticelli.in/collection/shirts/printed/light-blue-printed-shirt,not connected,Home
https://botticelli.in?add_to_compare=13733,200,Home
https://botticelli.in?add-to-wishlist=12758,200,Home
https://botticelli.in/collection/shirts/checked/sandal-and-white-check-shirt?add_to_compare=13835,not connected,Home
https://botticelli.in/collection/shirts/printed/dark-blue-printed-shirt,200,Home
https://botticelli.in/collection/shirts/checked/sandal-and-white-check-shirt?add_to_compare=14054,not connected,Home
https://botticelli.in?p=14054,not connected,Home
https://botticelli.in?add-to-wishlist=12658,200,Home
https://botticelli.in/blog/check-shirts,not connected,Home
https://botticelli.in/collection/shirts/checked/sandal-and-white-check-shirt,200,Home
https://botticelli.in?add-to-wishlist=12072,200,Home
https://botticelli.in/grey-shirts,200,Home
https://botticelli.in/collection/shirts/checked/black-check-shirt?add-to-wishlist=13895,not connected,Home
https://botticelli.in?add-to-wishlist=12084,200,Home
https://botticelli.in?add_to_compare=12670,200,Home
https://botticelli.in/collections/shirts/checked,not connected,Home
https://botticelli.in/collection/shirts/printed/dark-blue-printed-shirt?add_to_compare=12603,not connected,Home
https://botticelli.in/pink-shirts,not connected,Home
https://botticelli.in?add-to-wishlist=11976,200,Home
https://botticelli.in?add-to-wishlist=13712,200,Home
https://botticelli.in/yellow-shirts-for-men,200,Home
https://botticelli.in/collection/shirts/printed/dark-blue-printed-shirt/feed,not connected,Home
https://botticelli.in?add_to_compare=13169,200,Home
https://botticelli.in/wp-json,200,Home
https://botticelli.in/collection/shirts/striped/blue-and-grey-striped-shirt,not connected,Home
https://botticelli.in/collection/shirts/printed/grey-printed-shirt,not connected,Home
https://botticelli.in/collection/shirts/party-wear/black-designer-shirt,not connected,Home
https://botticelli.in?add-to-wishlist=13733,200,Home
https://botticelli.in/xmlrpc.php?rsd,not connected,Home
https://botticelli.in/collection/shirts/printed/grey-abstract-print-shirt,not connected,Home
https://botticelli.in/collection/shirts/checked/black-check-shirt?add-to-wishlist=13811,not connected,Home
https://botticelli.in/collection/shirts/checked/black-check-shirt?add-to-wishlist=11951,not connected,Home
https://botticelli.in/collection/shirts/printed/dark-blue-printed-shirt?add-to-wishlist=12658,not connected,Home
https://botticelli.in?add-to-wishlist=13143,200,Home
https://botticelli.in/wp-json/oembed/1.0/embed?url=https%3A%2F%2Fbotticelli.in%2Fcollection%2Fshirts%2Fchecked%2Fblack-check-shirt%2F,not connected,Home
https://botticelli.in?add_to_compare=12658,200,Home
https://botticelli.in?add-to-wishlist=14028,200,Home
https://botticelli.in?add_to_compare=13157,200,Home
https://botticelli.in/blog/shirts-for-tall-men,not connected,Home
https://botticelli.in/collection/shirts/checked/ramar-green-check-shirt,not connected,Home
https://botticelli.in/collection/shirts/party-wear/chinese-collar-khaki-party-wear-shirt,not connected,Home
https://botticelli.in/collection/shirts/party-wear/silver-party-wear-shirt,not connected,Home
https://botticelli.in?add_to_compare=13785,200,Home
https://botticelli.in/collection/shirts/checked/sandal-and-white-check-shirt?add-to-wishlist=14054,not connected,Home
https://botticelli.in/collection/shirts/checked/black-check-shirt?add_to_compare=11927,not connected,Home
https://botticelli.in/collection/shirts/printed/dark-blue-printed-shirt?add-to-wishlist=12629,not connected,Home
https://botticelli.in/collection/shirts/checked/sandal-and-white-check-shirt?add_to_compare=12030,not connected,Home
https://botticelli.in?add-to-wishlist=12737,200,Home
https://botticelli.in/wp-json/oembed/1.0/embed?url=https%3A%2F%2Fbotticelli.in%2Fcollection%2Fshirts%2Fprinted%2Fdark-blue-printed-shirt%2F,not connected,Home
https://botticelli.in/yellow-shirts-for-men?add-to-wishlist=11915,not connected,Home
https://botticelli.in?add-to-wishlist=12670,200,Home
https://botticelli.in?add_to_compare=13712,200,Home
https://botticelli.in?add-to-wishlist=11998,200,Home
https://botticelli.in/grey-shirts?add_to_compare=13143,not connected,Home
https://botticelli.in/collection/shirts/striped/blue-vertical-striped-shirt,not connected,Home
https://botticelli.in/collection/shirts/party-wear/green-party-wear-shirt,not connected,Home
https://botticelli.in/collection/shirts/striped/maroon-striped-shirt,not connected,Home
https://botticelli.in/collection/shirts/printed/sandal-printed-shirt,not connected,Home
https://botticelli.in/wp-json/oembed/1.0/embed?url=https%3A%2F%2Fbotticelli.in%2F,not connected,Home
https://botticelli.in/wp-json/wp/v2/product/11927,not connected,Home
https://botticelli.in/feed,not connected,Home
https://botticelli.in/collection/shirts/printed/green-printed-shirt,not connected,Home
https://botticelli.in/collection,not connected,Home
https://botticelli.in?add-to-wishlist=12715,200,Home
https://botticelli.in/collection/shirts/checked/black-check-shirt?add-to-wishlist=13871,not connected,Home
https://botticelli.in/shipping-policy,not connected,Home
https://botticelli.in/collection/shirts/checked/light-grey-check-shirt,not connected,Home
https://botticelli.in/collection/shirts/striped/green-striped-shirt,not connected,Home
https://botticelli.in/collection/shirts/printed/dark-blue-printed-shirt?add-to-wishlist=12603,not connected,Home
https://botticelli.in/green-shirts-for-men,not connected,Home
https://botticelli.in/collections/shirts/printed,not connected,Home
https://botticelli.in/maroon-shirts,not connected,Home
https://botticelli.in/sandal-shirts,not connected,Home
https://botticelli.in?add-to-wishlist=13107,200,Home
https://botticelli.in/collection/shirts/party-wear/silver-color-shirt,not connected,Home
https://botticelli.in/collection/shirts/checked/dark-blue-check-shirt,not connected,Home
https://botticelli.in/grey-shirts?add-to-wishlist=13351,not connected,Home
https://botticelli.in/collection/shirts/checked/green-check-formal-shirt,not connected,Home
https://botticelli.in/collection/shirts/printed/brown-printed-shirt,not connected,Home
https://botticelli.in?add_to_compare=13094,200,Home
https://botticelli.in?add_to_compare=12758,200,Home
https://botticelli.in/grey-shirts?add-to-wishlist=13836,not connected,Home
https://botticelli.in?page_id=3,not connected,Home
https://botticelli.in?add_to_compare=12084,200,Home
https://botticelli.in/collection/shirts/checked/black-check-shirt/feed,not connected,Home
https://botticelli.in/collection/shirts/checked/coffee-check-shirt,not connected,Home
https://botticelli.in,200,Home
https://botticelli.in?p=12603,not connected,Home
https://botticelli.in/collection/shirts/party-wear/butter-yellow-shirt,not connected,Home
https://botticelli.in?add_to_compare=12737,200,Home
https://botticelli.in/blog/striped-shirt-fabrics,not connected,Home
https://botticelli.in/blog/shirt-for-your-body-shape,not connected,Home
https://botticelli.in/collection/shirts/checked/black-check-shirt?add_to_compare=12030,not connected,Home
https://botticelli.in/yellow-shirts-for-men?add_to_compare=12629,not connected,Home
https://botticelli.in/wp-json/wp/v2/product/12603,not connected,Home
https://botticelli.in?add_to_compare=12603,200,Home
https://botticelli.in/wp-json/wp/v2/pages/14461,not connected,Home
https://botticelli.in/collection/shirts/printed/dark-blue-formal-shirt,not connected,Home
https://botticelli.in/collection/shirts/party-wear/mens-embroidery-grey-party-wear-shirt,not connected,Home
https://botticelli.in/collection/shirts/checked/blue-check-shirt,not connected,Home
https://botticelli.in/brown-shirts,not connected,Home
https://botticelli.in?add-to-wishlist=13130,200,Home
https://botticelli.in/terms-conditions,not connected,Home
https://botticelli.in/collection/shirts/printed/dark-blue-printed-shirt?add_to_compare=11642,not connected,Home
https://botticelli.in/my-account,not connected,Home
https://botticelli.in/collection/shirts/checked/sandal-and-white-check-shirt?add-to-wishlist=12030,not connected,Home
https://botticelli.in/grey-shirts?add-to-wishlist=13181,not connected,Home
https://botticelli.in/collections/shirts/striped,not connected,Home
https://botticelli.in/blog/category/lifestyle,not connected,Home
https://botticelli.in/collection/shirts/checked/navy-check-shirt,not connected,Home
https://botticelli.in/red-shirts,not connected,Home
https://botticelli.in/collection/shirts/checked/sandal-and-white-check-shirt?add-to-wishlist=12054,not connected,Home
https://botticelli.in?add-to-wishlist=13106,200,Home
https://botticelli.in/about-us,not connected,Home
https://botticelli.in/collection/shirts/checked/black-check-shirt?add_to_compare=11951,not connected,Home
https://botticelli.in/collection/shirts/checked/black-check-shirt?add_to_compare=13811,not connected,Home
https://botticelli.in/wishlist,not connected,Home
https://botticelli.in/collection/shirts/checked/blue-white-check-shirt,not connected,Home
https://botticelli.in?add_to_compare=13130,not connected,Home
https://botticelli.in?add_to_compare=12010,not connected,Home
https://botticelli.in?add-to-wishlist=13094,not connected,Home
https://www.facebook.com/sharer.php?u=https://botticelli.in/collection/shirts/printed/dark-blue-printed-shirt/,Unknown,Other
https://www.facebook.com/sharer.php?u=https://botticelli.in/collection/shirts/checked/black-check-shirt/,Unknown,Other
https://wpecomus.com/fashion/categories,Unknown,Other
tel:6381117591,Unknown,Other
mailto:%20support@jpexportstrenz.com,Unknown,Other
https://cdn-ildobhl.nitrocdn.com/GlqajyWbTIriZHNBGcSlUebWuLHKnfww/assets/images/optimized/rev-f8011c9/botticelli.in/wp-content/uploads/2025/05/4192_Sandal_6.webp,Unknown,Other
https://cdn-ildobhl.nitrocdn.com/GlqajyWbTIriZHNBGcSlUebWuLHKnfww/assets/images/optimized/rev-f8011c9/botticelli.in/wp-content/uploads/2025/05/6059_Meroon_3.webp,Unknown,Other
https://cdn-ildobhl.nitrocdn.com/GlqajyWbTIriZHNBGcSlUebWuLHKnfww/assets/images/optimized/rev-f8011c9/botticelli.in/wp-content/uploads/2025/05/6059_Meroon_4.webp,Unknown,Other
https://cdn-ildobhl.nitrocdn.com/GlqajyWbTIriZHNBGcSlUebWuLHKnfww/assets/images/optimized/rev-f8011c9/botticelli.in/wp-content/uploads/2025/05/4192_Sandal_4.webp,Unknown,Other
https://www.facebook.com/profile.php?id=61560551842346,Unknown,Other
https://cdn-ildobhl.nitrocdn.com/GlqajyWbTIriZHNBGcSlUebWuLHKnfww/assets/images/optimized/rev-f8011c9/botticelli.in/wp-content/uploads/2025/05/4192_Sandal_5.webp,Unknown,Other
https://wa.me?text=https%3A%2F%2Fbotticelli.in%2Fcollection%2Fshirts%2Fchecked%2Fblack-check-shirt%2F,Unknown,Other
https://wa.me?text=https%3A%2F%2Fbotticelli.in%2Fcollection%2Fshirts%2Fchecked%2Fsandal-and-white-check-shirt%2F,Unknown,Other
https://www.instagram.com/botticelliofficial,Unknown,Other
https://www.facebook.com/sharer.php?u=https://botticelli.in/collection/shirts/checked/sandal-and-white-check-shirt/,Unknown,Other
https://cdn-ildobhl.nitrocdn.com/GlqajyWbTIriZHNBGcSlUebWuLHKnfww/assets/static/source/rev-438911b/botticelli.in/wp-content/fonts/lato/S6uyw4BMUTPHjxAwXjeu.woff2,Unknown,Other
https://cdn-ildobhl.nitrocdn.com/GlqajyWbTIriZHNBGcSlUebWuLHKnfww/assets/images/optimized/rev-f8011c9/botticelli.in/wp-content/uploads/2025/05/6059_Meroon_2.webp,Unknown,Other
https://cdn-ildobhl.nitrocdn.com/GlqajyWbTIriZHNBGcSlUebWuLHKnfww/assets/images/optimized/rev-f8011c9/botticelli.in/wp-content/uploads/2025/05/6059_Meroon_1.webp,Unknown,Other
https://cdn-ildobhl.nitrocdn.com/GlqajyWbTIriZHNBGcSlUebWuLHKnfww/assets/static/source/rev-438911b/botticelli.in/wp-content/fonts/lato/S6uyw4BMUTPHjx4wXg.woff2,Unknown,Other
https://cdn-ildobhl.nitrocdn.com/GlqajyWbTIriZHNBGcSlUebWuLHKnfww/assets/images/optimized/rev-f8011c9/botticelli.in/wp-content/uploads/2025/05/4192_Sandal_2.webp,Unknown,Other
https://www.youtube.com/@BotticelliMensWear,Unknown,Other
https://cdn-ildobhl.nitrocdn.com,Unknown,Other
https://cdn-ildobhl.nitrocdn.com/GlqajyWbTIriZHNBGcSlUebWuLHKnfww/assets/images/optimized/rev-f8011c9/botticelli.in/wp-content/uploads/2025/05/4192_Sandal_3.webp,Unknown,Other
https://cdn-ildobhl.nitrocdn.com/GlqajyWbTIriZHNBGcSlUebWuLHKnfww/assets/images/optimized/rev-f8011c9/botticelli.in/wp-content/uploads/2025/05/4170_Black_6.webp,Unknown,Other
https://wa.me?text=https%3A%2F%2Fbotticelli.in%2Fcollection%2Fshirts%2Fprinted%2Fdark-blue-printed-shirt%2F,Unknown,Other
https://gmpg.org/xfn/11,Unknown,Other
https://in.pinterest.com/botticelliofficial,Unknown,Other
https://cdn-ildobhl.nitrocdn.com/GlqajyWbTIriZHNBGcSlUebWuLHKnfww/assets/images/optimized/rev-f8011c9/botticelli.in/wp-content/uploads/2025/05/6059_Meroon_5.webp,Unknown,Other
https://cdn-ildobhl.nitrocdn.com/GlqajyWbTIriZHNBGcSlUebWuLHKnfww/assets/images/optimized/rev-f8011c9/botticelli.in/wp-content/uploads/2025/05/4192_Sandal_1.webp,Unknown,Other
