Link,Status,Error,Type
https://komaki.in/product/komaki-x-one-70km-range,200,No error,Home
https://komaki.in/cat-2-0-eco,200,No error,Home
https://komaki.in/product/komaki-ranger-base-model-jet-black-70-to-80-km-h-range-200-km-to-250-km-per-charge?add-to-cart=110952,not connected,TimeoutError,Home
https://komaki.in/wp-json/oembed/1.0/embed?url=https%3A%2F%2Fkomaki.in%2Fxgt-x5-easy-way-scooter%2F,200,Non-HTML content: application/json; charset=utf-8,Home
https://komaki.in/wp-json/oembed/1.0/embed?url=https%3A%2F%2Fkomaki.in%2Fproduct%2Fm16-range-160km-to-220km-charge-speed-80km-h%2F,500,HTTP Error 500,Home
https://komaki.in/blog/exploring-the-cost-of-electric-scooters,not connected,TimeoutError,Home
http://komaki.in/3d/x_one,200,No error,Home
https://komaki.in/x3,200,No error,Home
https://komaki.in/product/cat-3-0-nxt-range-140km-to-200km/feed,not connected,TimeoutError,Home
https://komaki.in/product/komaki-x-one-70km-range?add-to-cart=110991,not connected,TimeoutError,Home
https://komaki.in/product/komaki-x-one-prime?pa_color=frost-white,500,HTTP Error 500,Home
https://komaki.in/wp-json/wp/v2/product/111100,500,HTTP Error 500,Home
https://komaki.in/blog/electric-two-wheelers-reduce-stress,not connected,TimeoutError,Home
https://komaki.in/wp-json/oembed/1.0/embed?url=https%3A%2F%2Fkomaki.in%2Fxgt-vp%2F,500,HTTP Error 500,Home
https://komaki.in/wp-json/oembed/1.0/embed?url=https%3A%2F%2Fkomaki.in%2Fproduct%2Fkomaki-cat-2-0-black-25-km-h-range-95-km-to-100-km-per-charge%2F,500,HTTP Error 500,Home
https://komaki.in/x-one-ace,not connected,TimeoutError,Home
https://komaki.in/product/komaki-x-one-70km-range/feed,not connected,TimeoutError,Home
https://komaki.in/feed,not connected,TimeoutError,Home
https://komaki.in/product/mg-prov?add-to-cart=110991,not connected,TimeoutError,Home
https://komaki.in/?p=111100,500,HTTP Error 500,Home
https://komaki.in/product/komaki-x3?pa_color=garnet-red,500,HTTP Error 500,Home
https://komaki.in/product/komaki-x-one-85km-range,not connected,TimeoutError,Home
https://komaki.in/product-category/electric-bikes/hi-speed-bikes,not connected,TimeoutError,Home
https://komaki.in/product/cat-3-0-nxt-range-140km-to-200km?add-to-cart=111065,not connected,TimeoutError,Home
https://komaki.in/product/komaki-x-one-prime?pa_color=garnet-red,500,HTTP Error 500,Home
https://komaki.in/product/komaki-x-one-55km-range?pa_color=garnet-red,500,HTTP Error 500,Home
https://komaki.in/dealership,not connected,TimeoutError,Home
https://komaki.in/blog/the-estimated-fall-of-electric-scooter-prices-in-the-future/feed,not connected,TimeoutError,Home
https://komaki.in/payment,not connected,TimeoutError,Home
https://komaki.in/wp-json/wp/v2/product/111074,not connected,TimeoutError,Home
https://komaki.in/product/cat-3-0-nxt-range-140km-to-200km?add-to-cart=110950,not connected,TimeoutError,Home
https://komaki.in/?p=34342,not connected,TimeoutError,Home
https://komaki.in/product/komaki-x-one-70km-range?add-to-cart=111113,not connected,TimeoutError,Home
https://komaki.in/blog/page/27,not connected,TimeoutError,Home
https://komaki.in/product/komaki-x-one-70km-range?add-to-cart=111065,not connected,TimeoutError,Home
https://komaki.in/x-one-prime,not connected,TimeoutError,Home
https://komaki.in/product/mg-proli,not connected,TimeoutError,Home
https://komaki.in/wp-json/oembed/1.0/embed?url=https%3A%2F%2Fkomaki.in%2Fproduct%2Fcat-3-0-nxt-range-140km-to-200km%2F,not connected,TimeoutError,Home
https://komaki.in/product-category/low-speed-scooters,500,HTTP Error 500,Home
https://komaki.in/product/komaki-x-one-prime?pa_color=jet-black,500,HTTP Error 500,Home
https://komaki.in/product/komaki-se,not connected,TimeoutError,Home
https://komaki.in/product/komaki-x-one-70km-range?pa_color=jet-black,not connected,TimeoutError,Home
https://komaki.in/energy,not connected,TimeoutError,Home
https://komaki.in/tn-95,200,No error,Home
https://komaki.in/?p=111074,not connected,TimeoutError,Home
https://komaki.in/product/m16-range-160km-to-220km-charge-speed-80km-h?add-to-cart=111113,500,HTTP Error 500,Home
https://komaki.in/?p=111107,500,HTTP Error 500,Home
https://komaki.in/product/komaki-x-one-55km-range?add-to-cart=111065,500,HTTP Error 500,Home
https://komaki.in/blog/page/34,not connected,TimeoutError,Home
https://komaki.in/product/komaki-x-one-55km-range?add-to-cart=111100,500,HTTP Error 500,Home
https://komaki.in/blog/page/15,500,HTTP Error 500,Home
https://komaki.in/product-category/smart-scooters,not connected,TimeoutError,Home
https://komaki.in/product/komaki-cat-2-0-black-25-km-h-range-95-km-to-100-km-per-charge?add-to-cart=110950,500,HTTP Error 500,Home
https://komaki.in/blog/7-ways-komaki-x-one-changed-ambikas-life,500,HTTP Error 500,Home
https://komaki.in/blog/page/12,not connected,TimeoutError,Home
https://komaki.in/venice,not connected,TimeoutError,Home
https://komaki.in/xmlrpc.php,not connected,TimeoutError,Home
https://komaki.in/blog,200,No error,Home
https://komaki.in/product/mg-prov,200,No error,Home
https://komaki.in/product/cat-3-0-nxt-range-140km-to-200km?add-to-cart=110991,not connected,TimeoutError,Home
https://komaki.in/product/mg-prov?add-to-cart=110950,not connected,TimeoutError,Home
https://komaki.in/product-category/smart-scooters/x-one-smart-scooters,not connected,TimeoutError,Home
https://komaki.in/?p=105813,500,HTTP Error 500,Home
https://komaki.in/?p=111050,not connected,TimeoutError,Home
https://komaki.in/blog/page/21,not connected,TimeoutError,Home
https://komaki.in/product/mg-prov?pa_color=garnet-red,not connected,TimeoutError,Home
https://komaki.in/product/mg-prov?add-to-cart=110949,not connected,TimeoutError,Home
https://komaki.in/product/komaki-cat-2-0-black-25-km-h-range-95-km-to-100-km-per-charge?add-to-cart=110949,500,HTTP Error 500,Home
https://komaki.in/blog/2025/04/28,not connected,TimeoutError,Home
https://komaki.in/blog/electric-bikes-for-urban-commuter-are-ideal-in-2025,not connected,TimeoutError,Home
https://komaki.in/blog/page/24,500,HTTP Error 500,Home
https://komaki.in/product/komaki-x3?add-to-cart=111073,500,HTTP Error 500,Home
https://komaki.in/wp-json/oembed/1.0/embed?url=https%3A%2F%2Fkomaki.in%2Forder-tracking%2F,500,HTTP Error 500,Home
https://komaki.in/product/komaki-cat-2-0-black-25-km-h-range-95-km-to-100-km-per-charge?add-to-cart=111073,500,HTTP Error 500,Home
https://komaki.in/product/komaki-x-one-55km-range?add-to-cart=110952,500,HTTP Error 500,Home
https://komaki.in/product/komaki-ranger-fully-loadedjet-black-70-to-80-km-h-range-200-km-to-250-km-per-charge,not connected,TimeoutError,Home
https://komaki.in/?p=115272,not connected,TimeoutError,Home
https://komaki.in/product/mg-prov/feed,200,Non-HTML content: application/rss+xml; charset=utf-8,Home
https://komaki.in/blog/electric-2-wheelers-vs-noise-pollution,not connected,TimeoutError,Home
https://komaki.in/wp-json/wp/v2/product/111050,not connected,TimeoutError,Home
https://komaki.in/wp-json/oembed/1.0/embed?url=https%3A%2F%2Fkomaki.in%2Fflora%2F,500,HTTP Error 500,Home
https://komaki.in/order-tracking,200,No error,Home
https://komaki.in/blog/category/electric-scooter,not connected,TimeoutError,Home
https://komaki.in/product/cat-3-0-nxt-range-140km-to-200km?add-to-cart=119786,not connected,TimeoutError,Home
https://komaki.in/product/komaki-se-ultra,not connected,TimeoutError,Home
https://komaki.in/blog/2025/04/24,500,HTTP Error 500,Home
https://komaki.in/product/komaki-ranger-base-model-jet-black-70-to-80-km-h-range-200-km-to-250-km-per-charge?add-to-cart=111022,not connected,TimeoutError,Home
https://komaki.in/xgt-cat-3-0-fast-easy-supply,not connected,TimeoutError,Home
https://komaki.in/wp-json/wp/v2/pages/113957,500,HTTP Error 500,Home
https://komaki.in/product-category/electric-bikes/hi-speed-bikes/m16,500,HTTP Error 500,Home
https://komaki.in/product/komaki-x-one-prime?add-to-cart=111113,500,HTTP Error 500,Home
https://komaki.in/product/komaki-cat-2-0-black-25-km-h-range-95-km-to-100-km-per-charge?add-to-cart=110951,500,HTTP Error 500,Home
https://komaki.in/xgt-km,200,No error,Home
https://komaki.in/xr1,200,No error,Home
https://komaki.in/blog/page/19,500,HTTP Error 500,Home
https://komaki.in/?p=37256,500,HTTP Error 500,Home
https://komaki.in/xgt-cat-2-0-easy-to-supply,not connected,TimeoutError,Home
https://komaki.in/blog/page/9,500,HTTP Error 500,Home
https://komaki.in/blog/page/6,500,HTTP Error 500,Home
https://komaki.in/?p=29656,not connected,TimeoutError,Home
https://komaki.in/wp-json/oembed/1.0/embed?url=https%3A%2F%2Fkomaki.in%2Fx-one%2F,500,HTTP Error 500,Home
https://komaki.in/product/mg-prov?add-to-cart=110951,not connected,TimeoutError,Home
https://komaki.in/product-category/hi-speed-scooters/mg-pro-hi-speed-scooters/mg-pro-v,not connected,TimeoutError,Home
https://komaki.in/product/komaki-x3?add-to-cart=110991,500,HTTP Error 500,Home
https://komaki.in/product/komaki-x3?pa_color=metallic-blue,500,HTTP Error 500,Home
https://komaki.in/product/komaki-cat-3-0-25-to-30-km-h-range-140-km-to-200-km-per-charge,not connected,TimeoutError,Home
https://komaki.in/booking,500,HTTP Error 500,Home
https://komaki.in/wp-json/oembed/1.0/embed?url=https%3A%2F%2Fkomaki.in%2Fproduct%2Fkomaki-x3%2F,500,HTTP Error 500,Home
https://komaki.in/product/komaki-ranger-base-model-jet-black-70-to-80-km-h-range-200-km-to-250-km-per-charge?add-to-cart=110991,not connected,TimeoutError,Home
https://komaki.in/?p=111113,not connected,TimeoutError,Home
https://komaki.in/wp-json/wp/v2/product/111022,500,HTTP Error 500,Home
https://komaki.in/web-stories/feed,200,Non-HTML content: application/rss+xml; charset=utf-8,Home
https://komaki.in/x-2-vogue,200,No error,Home
https://komaki.in/product/cat-3-0-nxt-range-140km-to-200km?pa_color=black,not connected,TimeoutError,Home
https://komaki.in/product-category/hi-speed-scooters/mg-pro-hi-speed-scooters,not connected,TimeoutError,Home
https://komaki.in/product-category/hi-speed-scooters/x-one,500,HTTP Error 500,Home
https://komaki.in/product/komaki-x3?pa_color=jet-black,500,HTTP Error 500,Home
https://komaki.in/product/komaki-cat-2-0-eco-range-110km-to-120-km-top-speed-55km-h,not connected,TimeoutError,Home
https://komaki.in/wp-json/oembed/1.0/embed?url=https%3A%2F%2Fkomaki.in%2Fxr1%2F,not connected,TimeoutError,Home
https://komaki.in/product/mg-prov?pa_color=frost-white,not connected,TimeoutError,Home
https://komaki.in/product/komaki-cat-2-0-black-25-km-h-range-110-km-to-140-km-per-charge,not connected,TimeoutError,Home
https://komaki.in/blog/buy-an-electric-scooter,not connected,TimeoutError,Home
https://komaki.in/product/mg-prov?pa_color=black,not connected,TimeoutError,Home
https://komaki.in/blog/electric-bike-insurance-in-india,not connected,TimeoutError,Home
https://komaki.in/product/komaki-x-one-prime?pa_color=metallic-blue,500,HTTP Error 500,Home
https://komaki.in/product/komaki-x-one-70km-range?pa_color=metallic-blue,not connected,TimeoutError,Home
https://komaki.in/wp-json/oembed/1.0/embed?url=https%3A%2F%2Fkomaki.in%2Fx3%2F,500,HTTP Error 500,Home
https://komaki.in/?p=49938,500,HTTP Error 500,Home
https://komaki.in/wp-json/oembed/1.0/embed?url=https%3A%2F%2Fkomaki.in%2Fblog%2Fthe-estimated-fall-of-electric-scooter-prices-in-the-future%2F,not connected,TimeoutError,Home
https://komaki.in/blog/page/3,500,HTTP Error 500,Home
https://komaki.in/wp-json/oembed/1.0/embed?url=https%3A%2F%2Fkomaki.in%2Fx-2-vogue%2F,500,HTTP Error 500,Home
https://komaki.in/product/komaki-ranger-base-model-jet-black-70-to-80-km-h-range-200-km-to-250-km-per-charge,200,No error,Home
https://komaki.in/product/mg-prov?pa_color=metallic-grey,not connected,TimeoutError,Home
http://komaki.in/3d/mg_pro,not connected,TimeoutError,Home
https://komaki.in/blog/electric-vehicles-combat-air-pollution,not connected,TimeoutError,Home
https://komaki.in/blog/page/25,500,HTTP Error 500,Home
https://komaki.in/wp-json/wp/v2/pages/1388,not connected,TimeoutError,Home
https://komaki.in/refund-and-returns,not connected,TimeoutError,Home
https://komaki.in/wp-json/oembed/1.0/embed?url=https%3A%2F%2Fkomaki.in%2Fmg-pro%2F,200,Non-HTML content: application/json; charset=utf-8,Home
https://komaki.in/product/komaki-x3?add-to-cart=111113,500,HTTP Error 500,Home
https://komaki.in/blog/financing-your-electric-bike,not connected,TimeoutError,Home
https://komaki.in/wp-json/oembed/1.0/embed?url=https%3A%2F%2Fkomaki.in%2Fproduct%2Fmg-prov%2F,200,Non-HTML content: application/json; charset=utf-8,Home
https://komaki.in/product/komaki-cat-2-0-black-25-km-h-range-95-km-to-100-km-per-charge?add-to-cart=111065,500,HTTP Error 500,Home
https://komaki.in/product/komaki-se-max,not connected,TimeoutError,Home
https://komaki.in/product/komaki-x3?add-to-cart=110950,500,HTTP Error 500,Home
https://komaki.in/wp-json/wp/v2/pages/44311,not connected,TimeoutError,Home
https://komaki.in/product/komaki-x-one-prime?add-to-cart=111073,500,HTTP Error 500,Home
https://komaki.in/wp-json/oembed/1.0/embed?url=https%3A%2F%2Fkomaki.in%2Fproduct%2Fkomaki-x-one-prime%2F,500,HTTP Error 500,Home
https://komaki.in/blog/battery-variations-in-the-komaki-x-one,500,HTTP Error 500,Home
https://komaki.in/se,not connected,TimeoutError,Home
https://komaki.in/product-category/electric-scooters/hi-speed-scooters/flora,500,HTTP Error 500,Home
https://komaki.in/blog/page/20,500,HTTP Error 500,Home
https://komaki.in/product/mg-pro,not connected,TimeoutError,Home
https://komaki.in/blog/page/13,500,HTTP Error 500,Home
https://komaki.in/cart,not connected,TimeoutError,Home
https://komaki.in/product/komaki-x-one-55km-range?add-to-cart=110991,500,HTTP Error 500,Home
https://komaki.in/wp-json/oembed/1.0/embed?url=https%3A%2F%2Fkomaki.in%2F,not connected,TimeoutError,Home
https://komaki.in/terms-and-conditions,200,No error,Home
https://komaki.in/wp-json/wp/v2/product/111040,500,HTTP Error 500,Home
https://komaki.in/product/komaki-x-one-55km-range,200,No error,Home
https://komaki.in/blog/page/4,not connected,TimeoutError,Home
https://komaki.in/product/komaki-ranger-base-model-jet-black-70-to-80-km-h-range-200-km-to-250-km-per-charge/feed,200,Non-HTML content: application/rss+xml; charset=utf-8,Home
https://komaki.in/blog/page/26,not connected,TimeoutError,Home
https://komaki.in/product/komaki-x-one-prime?add-to-cart=110949,500,HTTP Error 500,Home
https://komaki.in/3d/x3,200,No error,Home
https://komaki.in/blog/page/35,not connected,TimeoutError,Home
https://komaki.in/wp-json/wp/v2/pages/3419,500,HTTP Error 500,Home
https://komaki.in/blog/page/18,not connected,TimeoutError,Home
https://komaki.in/xmlrpc.php?rsd=,not connected,ClientError: Server disconnected,Home
https://komaki.in/wp-json/oembed/1.0/embed?url=https%3A%2F%2Fkomaki.in%2Fproduct%2Fkomaki-ranger-base-model-jet-black-70-to-80-km-h-range-200-km-to-250-km-per-charge%2F,not connected,TimeoutError,Home
https://komaki.in/blog/page/23,not connected,TimeoutError,Home
https://komaki.in/blog/4-key-insights-on-komaki-ace-komaki-prime-electric-scooters,500,HTTP Error 500,Home
https://komaki.in/blog/electric-2-wheelers-for-delivery,not connected,TimeoutError,Home
https://komaki.in/wp-json/wp/v2/pages/105813,500,HTTP Error 500,Home
https://komaki.in/?p=111060,500,HTTP Error 500,Home
https://komaki.in/product/mg-progr,not connected,TimeoutError,Home
https://komaki.in/blog/page/17,not connected,TimeoutError,Home
https://komaki.in/blog/page/36,not connected,TimeoutError,Home
https://komaki.in/product/komaki-x-one-prime?add-to-cart=110950,500,HTTP Error 500,Home
https://komaki.in/my-account,not connected,TimeoutError,Home
https://komaki.in/?p=220,500,HTTP Error 500,Home
https://komaki.in/product/komaki-x-one-55km-range?pa_color=jet-black,500,HTTP Error 500,Home
https://komaki.in/contact,not connected,TimeoutError,Home
https://komaki.in/comments/feed,not connected,TimeoutError,Home
https://komaki.in/product/komaki-x3?pa_color=silver-grey,500,HTTP Error 500,Home
https://komaki.in/privacy-policy,not connected,TimeoutError,Home
https://komaki.in/product/komaki-x-one-70km-range?pa_color=frost-white,not connected,TimeoutError,Home
https://komaki.in/blog/page/33,500,HTTP Error 500,Home
https://komaki.in/product/komaki-cat-3-0-25-to-30-km-h-range-120-km-to-180-km-per-charge,not connected,TimeoutError,Home
https://komaki.in/blog/page/28,not connected,TimeoutError,Home
https://komaki.in/product/komaki-x-one-prime?pa_color=metallic-grey,500,HTTP Error 500,Home
https://komaki.in/xgt-vp,200,No error,Home
https://komaki.in/wp-json/wp/v2/product/111113,not connected,TimeoutError,Home
https://komaki.in/wp-json/wp/v2/pages/29656,not connected,TimeoutError,Home
https://komaki.in/shop,not connected,TimeoutError,Home
https://komaki.in/blog/adopting-electric-two-wheelers,not connected,TimeoutError,Home
https://komaki.in/wp-json/wp/v2/pages/49938,500,HTTP Error 500,Home
https://komaki.in/wp-json/oembed/1.0/embed?url=https%3A%2F%2Fkomaki.in%2Ftn-95%2F,500,HTTP Error 500,Home
https://komaki.in/blog/growth-of-the-ev-charging-infrastructure,not connected,TimeoutError,Home
https://komaki.in/mg-pro,200,No error,Home
https://komaki.in/blog/page/16,not connected,TimeoutError,Home
https://komaki.in/product/komaki-x-one-55km-range?pa_color=metallic-grey,500,HTTP Error 500,Home
https://komaki.in/?p=111022,500,HTTP Error 500,Home
https://komaki.in/product/cat-3-0-nxt-range-140km-to-200km?add-to-cart=110951,not connected,TimeoutError,Home
https://komaki.in/product/komaki-x-one-55km-range?add-to-cart=111113,500,HTTP Error 500,Home
https://komaki.in/blog/category/electric-bike,not connected,TimeoutError,Home
https://komaki.in/product/komaki-cat-2-0-black-25-km-h-range-95-km-to-100-km-per-charge?add-to-cart=111081,500,HTTP Error 500,Home
https://komaki.in/wp-json/oembed/1.0/embed?url=https%3A%2F%2Fkomaki.in%2Fcat-2-0-eco%2F,500,HTTP Error 500,Home
https://komaki.in/?p=111040,500,HTTP Error 500,Home
https://komaki.in/product/komaki-x-one-55km-range?add-to-cart=111101,500,HTTP Error 500,Home
https://komaki.in/wp-json/oembed/1.0/embed?url=https%3A%2F%2Fkomaki.in%2Fproduct%2Fkomaki-x-one-70km-range%2F,not connected,TimeoutError,Home
https://komaki.in/cat-3-0-nxt,not connected,TimeoutError,Home
https://komaki.in/product/komaki-x-one-ace,not connected,TimeoutError,Home
https://komaki.in/blog/page/32,500,HTTP Error 500,Home
https://komaki.in/blog/2025/06/18,not connected,TimeoutError,Home
https://komaki.in/product/xr-1,not connected,TimeoutError,Home
https://komaki.in/product/mg-prov?add-to-cart=111073,not connected,TimeoutError,Home
https://komaki.in/wp-json/wp/v2/posts/34342,not connected,TimeoutError,Home
https://komaki.in/ly,not connected,TimeoutError,Home
https://komaki.in/product/cat-3-0-nxt-range-140km-to-200km?add-to-cart=111073,not connected,TimeoutError,Home
https://komaki.in/blog/page/14,500,HTTP Error 500,Home
https://komaki.in/wp-json/oembed/1.0/embed?url=https%3A%2F%2Fkomaki.in%2Fterms-and-conditions%2F,not connected,TimeoutError,Home
https://komaki.in/blog/page/10,500,HTTP Error 500,Home
https://komaki.in/wp-json/wp/v2/pages/37256,500,HTTP Error 500,Home
https://komaki.in/product/komaki-cat-2-0-black-25-km-h-range-95-km-to-100-km-per-charge/feed,500,HTTP Error 500,Home
https://komaki.in/wp-json/wp/v2/product/111079,200,Non-HTML content: application/json; charset=utf-8,Home
https://komaki.in/?p=3419,500,HTTP Error 500,Home
https://komaki.in/product/komaki-cat-2-0-nxt-70-km-h-range-110-km-to-140-km-per-charge,not connected,TimeoutError,Home
https://komaki.in/?p=111079,not connected,TimeoutError,Home
https://komaki.in/product/komaki-x3?add-to-cart=110951,500,HTTP Error 500,Home
https://komaki.in/wp-json/oembed/1.0/embed?url=https%3A%2F%2Fkomaki.in%2Fproduct%2Fkomaki-x-one-55km-range%2F,500,HTTP Error 500,Home
https://komaki.in/product/komaki-x-one-55km-range/feed,500,HTTP Error 500,Home
https://komaki.in/cat-2-0-nxt,not connected,TimeoutError,Home
https://komaki.in/product/komaki-x3,200,No error,Home
https://komaki.in/product/komaki-x3/feed,500,HTTP Error 500,Home
https://komaki.in/blog/the-estimated-fall-of-electric-scooter-prices-in-the-future,200,No error,Home
https://komaki.in/product/m16-range-160km-to-220km-charge-speed-80km-h/feed,500,HTTP Error 500,Home
https://komaki.in/x-one,200,No error,Home
https://komaki.in/product-category/hi-speed-scooters/cat-3-0-nxt,not connected,TimeoutError,Home
https://komaki.in/wp-json,200,Non-HTML content: application/json; charset=utf-8,Home
https://komaki.in/product-category/electric-bikes/hi-speed-bikes/ranger,not connected,TimeoutError,Home
https://komaki.in/?p=60,500,HTTP Error 500,Home
https://komaki.in/,200,No error,Home
https://komaki.in/wp-json/wp/v2/product/111107,500,HTTP Error 500,Home
https://komaki.in/blog/page/29,500,HTTP Error 500,Home
https://komaki.in/product/komaki-cat-2-0-range-from-125km-per-charge-rto-registration-and-dl-required,not connected,TimeoutError,Home
https://komaki.in/product-category/hi-speed-scooters/x-one/x-one-prime,500,HTTP Error 500,Home
https://komaki.in/product-category/hi-speed-scooters,not connected,TimeoutError,Home
https://komaki.in/product/komaki-cat-2-0-range-from-125km-per-charge-non-registration-no-rto-registration-or-dl-required,not connected,TimeoutError,Home
https://komaki.in/product/komaki-x-one-70km-range?add-to-cart=110949,not connected,TimeoutError,Home
https://komaki.in/product-category/low-speed-scooters/cat-2-0,500,HTTP Error 500,Home
https://komaki.in/blog/page/30,500,HTTP Error 500,Home
https://komaki.in/wp-json/wp/v2/pages/102258,not connected,TimeoutError,Home
https://komaki.in/?p=1388,not connected,TimeoutError,Home
https://komaki.in/product/komaki-cat-2-0-black-25-km-h-range-95-km-to-100-km-per-charge?add-to-cart=119786,500,HTTP Error 500,Home
https://komaki.in/checkout,not connected,TimeoutError,Home
https://komaki.in/blog/page/5,500,HTTP Error 500,Home
https://komaki.in/wp-json/wp/v2/pages/309,500,HTTP Error 500,Home
https://komaki.in/ranger-electric-bike,not connected,TimeoutError,Home
https://komaki.in/?p=113957,500,HTTP Error 500,Home
https://komaki.in/blog/page/2,500,HTTP Error 500,Home
https://komaki.in/wp-json/oembed/1.0/embed?url=https%3A%2F%2Fkomaki.in%2Fxgt-km%2F,500,HTTP Error 500,Home
https://komaki.in/?p=44311,not connected,TimeoutError,Home
https://komaki.in/blog/page/11,500,HTTP Error 500,Home
https://komaki.in/blog/top-10-electric-bikes-in-india,not connected,TimeoutError,Home
https://komaki.in/product/komaki-x-one-55km-range?pa_color=metallic-blue,500,HTTP Error 500,Home
https://komaki.in/product-category/electric-bikes,not connected,TimeoutError,Home
https://komaki.in/product/komaki-x-one-prime,200,No error,Home
https://komaki.in/?p=309,500,HTTP Error 500,Home
https://komaki.in/wp-json/wp/v2/pages/332,500,HTTP Error 500,Home
https://komaki.in/flora,200,No error,Home
https://komaki.in/blog/page/8,500,HTTP Error 500,Home
https://komaki.in/?p=332,500,HTTP Error 500,Home
https://komaki.in/wp-json/wp/v2/pages/220,500,HTTP Error 500,Home
https://komaki.in/product/cat-3-0-nxt-range-140km-to-200km,200,No error,Home
https://komaki.in/xgt-x5-easy-way-scooter,200,No error,Home
https://komaki.in/product/komaki-se-x4,not connected,TimeoutError,Home
https://komaki.in/blog/page/7,500,HTTP Error 500,Home
https://komaki.in/product/komaki-x-one-55km-range?pa_color=frost-white,500,HTTP Error 500,Home
https://komaki.in/wp-json/wp/v2/pages/115272,not connected,TimeoutError,Home
https://komaki.in/product/m16-range-160km-to-220km-charge-speed-80km-h?add-to-cart=110952,500,HTTP Error 500,Home
https://komaki.in/wp-json/wp/v2/pages/60,500,HTTP Error 500,Home
https://komaki.in/wp-json/wp/v2/product/111060,500,HTTP Error 500,Home
https://komaki.in/product/komaki-x-one-70km-range?pa_color=garnet-red,not connected,TimeoutError,Home
https://komaki.in/blog/2025/05/15,500,HTTP Error 500,Home
https://komaki.in/product/komaki-x-one-prime/feed,500,HTTP Error 500,Home
https://komaki.in/product/komaki-cat-2-0-black-25-km-h-range-95-km-to-100-km-per-charge,200,No error,Home
https://komaki.in/product/komaki-x-one-70km-range?pa_color=metallic-grey,not connected,TimeoutError,Home
https://komaki.in/product/m16-range-160km-to-220km-charge-speed-80km-h,200,No error,Home
https://komaki.in/product-category/hi-speed-scooters/x3,500,HTTP Error 500,Home
https://komaki.in/blog/page/22,500,HTTP Error 500,Home
https://komaki.in/blog/page/31,500,HTTP Error 500,Home
https://komaki.in/product/komaki-se-pro,not connected,TimeoutError,Home
https://komaki.in/product/cat-3-0-nxt-range-120km-to-180km,not connected,TimeoutError,Home
https://nitroscripts.com/cuhmahBVzsptUfBleJHdqIPMVnbgbvAs,Unknown,,External
https://auto.hindustantimes.com/auto/electricvehicles/komaki-mgpro-launched-thisscooter-costs-justrs-59-999-and-hasa-150-kmrange-4173261220151%206.html,Unknown,,External
https://%20hindi.newsbytesapp.-%20com/news/auto/%20komaki-mg-prolithium-seriesscooter-launched/%20story,Unknown,,External
https://www.energetica-india.net/news/komaki-rolls-out-all-new-x3-series-for-smart-urban-mobility,Unknown,,External
https://onlinenews9.in/business/exciting-deal-komaki-introduces-x3-series-with-buy-2-for-rs-99999-offer,Unknown,,External
https://autonexa.com/komaki-electric-launches-x3-series-at-rs-53000-,Unknown,,External
https://www.drivespark.com/two-wheelers/2025/komaki-electric-x3-series-electric-scooter-launched-at-rs-53000-specs-range-images-011-066639.html,Unknown,,External
https://%20www.autocarpro.in/%20news/komakilaunches-mg-prolithium-series-%20starting-at-%20%E2%82%B959999-%20-123684,Unknown,,External
https://www.autocarpro.in/news/komaki-launches-three-electric-scooter-models-starting-at-rs-67999-124505?amp=1,Unknown,,External
https://www.timesdrive.in/electric-vehicles/komaki-electric-launched-se-series-ev-scooters-prices-starting-at-rs-67999-article-151125466,Unknown,,External
http://auto.economictimes.indiatimes.com/news/two-wheelers/komaki-electric-launches-x3-series-at-rs-53000/118682438,Unknown,,External
https://%20www.timesdrive.in/%20electric-vehicles/%20komaki-launches-mgpro-electric-scooterlithium-series-pricedat-rs-59999-%20article-151100857,Unknown,,External
https://www.evmechanica.com/komaki-electric-launches-three-sporty-ev-scooters,Unknown,,External
https://www.mobilityoutlook.com/news/komaki-launches-x3-series-with-special-offer-to-target-women-riders,Unknown,,External
https://auto.hindustantimes.com/auto/electric-vehicles/komaki-ranger-electric-motorcycle-gets-an-update-promises-up-to-250-km-range-41744084881731.html,Unknown,,External
https://www.timesdrive.in/electric-vehicles/komaki-launches-x3-series-introduces-buy-2-at-rs-99-999-womans-day-offer-article-151229775,Unknown,,External
https://www.autoguideindia.com/auto-makers/new-launches/komaki-launches-x3-series-with-an-exciting-buy-2-for-%e2%82%b999999-offer,Unknown,,External
https://www.autocarpro.in/news/komaki-unveils-1-on-1-free-offer-for-womens-day-on-x3-li-ion-scooter-125228,Unknown,,External
https://%20www.news9live.com/%20auto/komaki-mg-proelectric-scooterlaunch-2759545,Unknown,,External
https://www.news18.com/auto/komakilaunched-affordablemg-pro-lithiumscooter-atrs-59999-9134431.html,Unknown,,External
https://www.googletagmanager.com/ns.html?id=GTM-ML4CPWQ,Unknown,,External
https://%20www.marklines.com/%20en/news/318284,Unknown,,External
https://fonts.googleapis.com/css2?display=swap&family=Jost%3Awght%40300%3B400%3B500%3B700,Unknown,,External
https://bizrapidx.com/business/komaki-launches-x3-series-with-limited-time-offer-buy-2-bikes-for-rs-99999,Unknown,,External
https://businessnewsthisweek.com/business/komaki-unveils-x3-series-with-a-special-offer-buy-2-for-rs-99999,Unknown,,External
https://www.googletagmanager.com/gtag/js?id=AW-11041982522,Unknown,,External
https://bwautoworld.com/article/komaki-electric-introduces-all-new-ranger-model-price-starts-at-rs-140-lakh-552961,Unknown,,External
https://gmpg.org/xfn/11,Unknown,,External
https://www.energetica-india.net/news/komaki-electric-unveils-ranger-series-indias-first-fully-loaded-electric-cruiser,Unknown,,External
https://www.evmechanica.com/komaki-announces-womens-day-1-on-1-free-deal-on-x3-li-ion-scooter,Unknown,,External
https://www.msn.com/en-in/technology/consumer-electronics/komaki-x3-series-launched-price-starts-at-rs-52-999/ar-AA1A8Cmk?ocid=BingNewsVerp,Unknown,,External
https://%20www.timesnownews.-%20com/auto/electricvehicles/komaki-mgpro-lithium-serieslaunched-atrs-59999-%20article-115684813,Unknown,,External
https://www.timesdrive.in/electric-vehicles/komaki-electric-introduces-ranger-series-price-starts-rs-1-40-lakh-article-151371846,Unknown,,External
https://www.indiatoday.in/amp/auto/bikes/story/komaki-x3-series-launched-price-starts-at-rs-52999-2688227-2025-03-03,Unknown,,External
https://www.news18.com/amp/auto/komaki-launches-all-new-x3-series-price-starts-at-rs-52999-9248062.html,Unknown,,External
https://businessmicro.in/business/komaki-launches-x3-series-at-an-irresistible-price-buy-2-for-rs-99999,Unknown,,External
https://www.apnnews.com/komaki-launches-x3-series-at-a-lucrative-offer-of-buy-2-at-rs-99-999,Unknown,,External
https://%20www.evmechanica.-%20com/komakilaunches-mg-proseries-starting-%20%E2%82%B959999,Unknown,,External
https://in.pinterest.com/komakidigital,Unknown,,External
https://www.googletagmanager.com/gtag/js?id=G-XXRTKP8WGG,Unknown,,External
https://auto.hindustantimes.com/auto/electric-vehicles/komaki-electric-vehicle-se-range-of-electric-scooters-launched-at-rs-67-999-check-range-specs-and-features-41737375069068.html,Unknown,,External
https://quickbiznews.com/business/komakis-x3-series-debuts-with-a-fantastic-offer-buy-2-for-just-rs-99999,Unknown,,External
https://www.mobilityoutlook.com/news/komaki-electric-launches-se-series-e-scooters,Unknown,,External
https://%20auto.hindustantimes.-%20com/auto/electricvehicles/komaki-mgpro-launched-thisscooter-costs-justrs-59-999-and-hasa-150-kmrange-4173261220151%206.html,Unknown,,External
https://www.mxmoto.co/,Unknown,,External
https://auto.hindustantimes.com/auto/electric-vehicles/komaki-x3-electric-scooter-launched-promising-up-to-rs-100-km-range-price-starts-at-rs-52999-41741065863252.html,Unknown,,External
https://www.amarujala.com/automobiles/komaki-electric-vehicle-launches-komaki-x3-electric-scooter-know-price-features-specifications-2025-03-04,Unknown,,External
https://www.autox.com/news/bike-news/komaki-x3-series-launched-in-india-prices-start-at-rs-52999-120070,Unknown,,External
https://delhibreakings.com/range-of-150km-and-price-rs-59999-new-electric-scooter-launched-in-india,Unknown,,External
https://zeenews.india.com/marathi/photos/komaki-x3-electric-scooter-launch-with-1-on-1-offer-for-women-day-two-scooter-in-rs-99999/890463,Unknown,,External
https://www.financialexpress.com/auto/electric-vehicles/komaki-se-series-electric-scooters-launched-at-rs-68k/3722453,Unknown,,External
https://onlinemediacafe.com/business/komaki-launches-x3-series-at-a-lucrative-offer-of-buy-2-at-rs-99-999,Unknown,,External
https://m.economictimes.-com/industry/renewables/komakilaunches-mg-prolithium-seriesstarting-fromrs-59999/amp_articleshow/115692400.cms,Unknown,,External
https://timesofindia.indiatimes.com/auto/electric-bikes/komaki-se-series-e-scooters-launched-at-rs-67999-price-range-and-features/articleshow/117458683.cms,Unknown,,External
https://%20www.livehindustan.-%20com/auto/komaki-mgpro-launchedscooter-justrs-59-999-and-150-%20kmrange-201732628152%20848.amp.html,Unknown,,External
https://auto.economictimes.indiatimes.com/news/two-wheelers/komaki-launches-mg-pro-lithium-e-scooter-at-inr-60k/115686278,Unknown,,External
https://www.googletagmanager.com/ns.html?id=GTM-K7X94DG,Unknown,,External
https://www.googletagmanager.com/gtag/js?id=G-RZ90GCRY09,Unknown,,External
https://www.msn.com/%20en-in/autos/news/%20komaki-mg-prolaunched-thisscooter-costsjust-59-999-andhas-a-150-km-range/%20ar-AA1uMqCT,Unknown,,External
https://auto.economictimes.indiatimes.com/news/two-wheelers/komaki-electric-launches-sportiest-ev-scooters-with-se-series-price-starts-at-inr-67999/117399315,Unknown,,External
https://api.whatsapp.com/send?phone=919818972231,Unknown,,External
